{"cameraMode":{"drawMode":0,"name":"Shaded","section":"Shading Mode"},"sceneLighting":false,"audioPlay":false,"sceneViewState":{"m_AlwaysRefresh":false,"showFog":true,"showSkybox":false,"showFlares":true,"showImageEffects":true,"showParticleSystems":true,"showVisualEffectGraphs":true,"m_FxEnabled":true},"in2DMode":false,"pivot":{"x":2.2799999713897707,"y":3.8399999141693117,"z":-0.7293100357055664},"rotation":{"x":0.024951094761490823,"y":-0.9467490911483765,"z":0.31196653842926028,"w":0.0757017433643341},"size":0.8660255670547485,"orthographic":false}